<?xml version="1.0" encoding="UTF-8"?>
<!DOCTYPE mapper PUBLIC "-//mybatis.org//DTD Mapper 3.0//EN" "http://mybatis.org/dtd/mybatis-3-mapper.dtd">
<mapper namespace="com.mohai.one.app.wares.dao.AdminUserMapper">
  <resultMap id="BaseResultMap" type="com.mohai.one.app.wares.domain.AdminUser">
    <constructor>
      <idArg column="user_id" javaType="java.lang.Long" jdbcType="BIGINT" />
      <arg column="username" javaType="java.lang.String" jdbcType="VARCHAR" />
      <arg column="password" javaType="java.lang.String" jdbcType="VARCHAR" />
      <arg column="salt" javaType="java.lang.String" jdbcType="VARCHAR" />
      <arg column="mobile" javaType="java.lang.String" jdbcType="VARCHAR" />
      <arg column="email" javaType="java.lang.String" jdbcType="VARCHAR" />
      <arg column="type" javaType="java.lang.String" jdbcType="CHAR" />
      <arg column="status" javaType="java.lang.String" jdbcType="CHAR" />
      <arg column="create_time" javaType="java.util.Date" jdbcType="TIMESTAMP" />
      <arg column="update_time" javaType="java.util.Date" jdbcType="TIMESTAMP" />
    </constructor>
  </resultMap>
  <sql id="Base_Column_List">
    user_id, username, password, salt, mobile, email, type, status, create_time, update_time
  </sql>
  <select id="selectByPrimaryKey" parameterType="java.lang.Long" resultMap="BaseResultMap">
    select
    <include refid="Base_Column_List" />
    from admin_user
    where user_id = #{userId,jdbcType=BIGINT}
  </select>
  <delete id="deleteByPrimaryKey" parameterType="java.lang.Long">
    delete from admin_user
    where user_id = #{userId,jdbcType=BIGINT}
  </delete>
  <insert id="insert" parameterType="com.mohai.one.app.wares.domain.AdminUser">
    insert into admin_user (user_id, username, password,
    salt, mobile, email,
    type, status, create_time,
    update_time)
    values (#{userId,jdbcType=BIGINT}, #{username,jdbcType=VARCHAR}, #{password,jdbcType=VARCHAR},
    #{salt,jdbcType=VARCHAR}, #{mobile,jdbcType=VARCHAR}, #{email,jdbcType=VARCHAR},
    #{type,jdbcType=CHAR}, #{status,jdbcType=BIT}, #{createTime,jdbcType=TIMESTAMP},
    #{updateTime,jdbcType=TIMESTAMP})
  </insert>
  <insert id="insertSelective" parameterType="com.mohai.one.app.wares.domain.AdminUser">
    insert into admin_user
    <trim prefix="(" suffix=")" suffixOverrides=",">
      <if test="userId != null">
        user_id,
      </if>
      <if test="username != null">
        username,
      </if>
      <if test="password != null">
        password,
      </if>
      <if test="salt != null">
        salt,
      </if>
      <if test="mobile != null">
        mobile,
      </if>
      <if test="email != null">
        email,
      </if>
      <if test="type != null">
        type,
      </if>
      <if test="status != null">
        status,
      </if>
      <if test="createTime != null">
        create_time,
      </if>
      <if test="updateTime != null">
        update_time,
      </if>
    </trim>
    <trim prefix="values (" suffix=")" suffixOverrides=",">
      <if test="userId != null">
        #{userId,jdbcType=BIGINT},
      </if>
      <if test="username != null">
        #{username,jdbcType=VARCHAR},
      </if>
      <if test="password != null">
        #{password,jdbcType=VARCHAR},
      </if>
      <if test="salt != null">
        #{salt,jdbcType=VARCHAR},
      </if>
      <if test="mobile != null">
        #{mobile,jdbcType=VARCHAR},
      </if>
      <if test="email != null">
        #{email,jdbcType=VARCHAR},
      </if>
      <if test="type != null">
        #{type,jdbcType=CHAR},
      </if>
      <if test="status != null">
        #{status,jdbcType=BIT},
      </if>
      <if test="createTime != null">
        #{createTime,jdbcType=TIMESTAMP},
      </if>
      <if test="updateTime != null">
        #{updateTime,jdbcType=TIMESTAMP},
      </if>
    </trim>
  </insert>
  <update id="updateByPrimaryKeySelective" parameterType="com.mohai.one.app.wares.domain.AdminUser">
    update admin_user
    <set>
      <if test="username != null">
        username = #{username,jdbcType=VARCHAR},
      </if>
      <if test="password != null">
        password = #{password,jdbcType=VARCHAR},
      </if>
      <if test="salt != null">
        salt = #{salt,jdbcType=VARCHAR},
      </if>
      <if test="mobile != null">
        mobile = #{mobile,jdbcType=VARCHAR},
      </if>
      <if test="email != null">
        email = #{email,jdbcType=VARCHAR},
      </if>
      <if test="type != null">
        type = #{type,jdbcType=CHAR},
      </if>
      <if test="status != null">
        status = #{status,jdbcType=BIT},
      </if>
      <if test="createTime != null">
        create_time = #{createTime,jdbcType=TIMESTAMP},
      </if>
      <if test="updateTime != null">
        update_time = #{updateTime,jdbcType=TIMESTAMP},
      </if>
    </set>
    where user_id = #{userId,jdbcType=BIGINT}
  </update>
  <update id="updateByPrimaryKey" parameterType="com.mohai.one.app.wares.domain.AdminUser">
    update admin_user
    set username = #{username,jdbcType=VARCHAR},
    password = #{password,jdbcType=VARCHAR},
    salt = #{salt,jdbcType=VARCHAR},
    mobile = #{mobile,jdbcType=VARCHAR},
    email = #{email,jdbcType=VARCHAR},
    type = #{type,jdbcType=CHAR},
    status = #{status,jdbcType=BIT},
    create_time = #{createTime,jdbcType=TIMESTAMP},
    update_time = #{updateTime,jdbcType=TIMESTAMP}
    where user_id = #{userId,jdbcType=BIGINT}
  </update>

  <select id="getAdminUserByName" parameterType="java.lang.String" resultMap="BaseResultMap">
    select
    <include refid="Base_Column_List" />
    from admin_user
    where username = #{username,jdbcType=VARCHAR}
  </select>

</mapper>