<?xml version="1.0" encoding="UTF-8"?>
<!DOCTYPE generatorConfiguration
        PUBLIC "-//mybatis.org//DTD MyBatis Generator Configuration 1.0//EN"
        "http://mybatis.org/dtd/mybatis-generator-config_1_0.dtd">

<generatorConfiguration>
    <context id="MySQL2Tables" targetRuntime="MyBatis3" defaultModelType="flat">
        <!-- 生成的Java文件的编码 -->
        <property name="javaFileEncoding" value="UTF-8" />
        <!-- 格式化java代码 -->
        <property name="javaFormatter" value="org.mybatis.generator.api.dom.DefaultJavaFormatter"/>
        <!-- 格式化XML代码 -->
        <property name="xmlFormatter" value="org.mybatis.generator.api.dom.DefaultXmlFormatter"/>
        <!-- JavaBean 实现序列化接口 -->
        <plugin type="org.mybatis.generator.plugins.SerializablePlugin"/>
        <!-- 为生成的Java模型创建一个toString方法 -->
        <plugin type="org.mybatis.generator.plugins.ToStringPlugin"/>
        <!--避免生成mapper.xml时覆盖原文件内容-->
        <plugin type="org.mybatis.generator.plugins.UnmergeableXmlMappersPlugin" />

        <!-- beginningDelimiter和endingDelimiter：指明数据库的用于标记数据库对象名的符号，
          比如ORACLE就是双引号，MYSQL默认是`反引号； -->
<!--        <property name="beginningDelimiter" value="`"/>-->
<!--        <property name="endingDelimiter" value="`"/>-->

        <commentGenerator>
            <property name="suppressAllComments" value="true" />
            <!-- 是否去除自动生成的注释 true：是，false：否 -->
            <property name="addRemarkComments" value="true" />
            <property name="suppressDate" value="false" />
        </commentGenerator>
        <!-- 数据源 URL，用户名、密码 -->
        <jdbcConnection driverClass="com.mysql.cj.jdbc.Driver"
                        connectionURL="jdbc:mysql://127.0.0.1:3306/mohai_shopping?serverTimezone=Asia/Shanghai"
                        userId="root"
                        password="123456"/>

        <!-- 默认false，把JDBC DECIMAL和NUMERIC类型解析为Integer，为true时把JDBC DECIMAL和NUMERIC类型解析为java.math.BigDecimal -->
        <javaTypeResolver  type="org.mybatis.generator.internal.types.JavaTypeResolverDefaultImpl">
            <property name="forceBigDecimals" value="true" />
        </javaTypeResolver>

        <!-- 生成模型的包名和位置 -->
        <javaModelGenerator targetPackage="com.mohai.one.app.wares.domain"
                            targetProject="src/main/java">
            <!-- 是否允许子包，即targetPackage.schemaName.tableName -->
            <property name="enableSubPackages" value="false" />
            <!-- 是否添加构造函数 -->
            <property name="constructorBased" value="true"/>
            <!-- 是否对类CHAR类型的列的数据进行trim操作 -->
            <property name="trimStrings" value="true" />
        </javaModelGenerator>
        <!-- 生成映射文件的包名和位置 -->
        <sqlMapGenerator targetPackage="mappers"
                         targetProject="src/main/resources">
            <property name="enableSubPackages" value="true" />
        </sqlMapGenerator>
        <!-- 生成java文件的包名和位置
            type="ANNOTATEDMAPPER"，生成Java Model和基于注解的Mapper对象
            type="MIXEDMAPPER"，生成基于注解的Java Model和相应的Mapper对象
            type="XMLMAPPER"，生成SQLMap XML文件和独立的Mapper接口
        -->
        <javaClientGenerator type="XMLMAPPER" targetPackage="com.mohai.one.app.wares.dao"
                             targetProject="src/main/java">
            <property name="enableSubPackages" value="true" />
        </javaClientGenerator>

        <!-- 要生成的表名tableName是数据库中的表名或视图名，domainObjectName是实体类名 -->
        <!--生成全部表tableName设为%-->
        <table tableName="app_prod" domainObjectName="AppProd" enableCountByExample="false"
               enableUpdateByExample="false" enableDeleteByExample="false" enableSelectByExample="false"
               selectByExampleQueryId="false"/>
    </context>
</generatorConfiguration>