<?xml version="1.0" encoding="UTF-8"?>
<configuration>
    <!-- 文件输出格式 -->
    <property name="PATTERN" value="%-12(%d{yyyy-MM-dd HH:mm:ss.SSS}) |-%-5level [%thread] %c [%L] -| %msg%n"/>

    <appender name="CONSOLE" class="ch.qos.logback.core.ConsoleAppender">
        <encoder>
            <pattern>${PATTERN}</pattern>
        </encoder>
    </appender>

    <appender name="mqAppender1" class="org.apache.rocketmq.logappender.logback.RocketmqLogbackAppender">
        <tag>TagA</tag>
        <topic>TopicTest</topic>
        <producerGroup>TestLogGroup</producerGroup>
        <nameServerAddress>127.0.0.1:9876</nameServerAddress>
        <layout>
            <pattern>%date %p %t - %m%n</pattern>
        </layout>
    </appender>

    <appender name="mqAsyncAppender1" class="ch.qos.logback.classic.AsyncAppender">
        <queueSize>1024</queueSize>
        <discardingThreshold>80</discardingThreshold>
        <maxFlushTime>2000</maxFlushTime>
        <neverBlock>true</neverBlock>
        <appender-ref ref="mqAppender1"/>
    </appender>

    <root level="info">
        <appender-ref ref="CONSOLE"/>
        <appender-ref ref="mqAppender1"/>
    </root>

</configuration>